No,Region,City,Service,Page title,URL
1,USA,New York,Website Design,Website Design in New York,/website-design-new-york/
2,USA,New York,SEO Services,SEO Services in New York,/seo-services-new-york/
3,USA,Los Angeles,Website Design,Website Design in Los Angeles,/website-design-los-angeles/
4,USA,Los Angeles,SEO Services,SEO Services in Los Angeles,/seo-services-los-angeles/
5,USA,Chicago,Website Design,Website Design in Chicago,/website-design-chicago/
6,USA,Chicago,SEO Services,SEO Services in Chicago,/seo-services-chicago/
7,USA,Houston,Website Design,Website Design in Houston,/website-design-houston/
8,USA,Houston,SEO Services,SEO Services in Houston,/seo-services-houston/
9,USA,Miami,Website Design,Website Design in Miami,/website-design-miami/
10,USA,Miami,SEO Services,SEO Services in Miami,/seo-services-miami/
11,USA,Atlanta,Website Design,Website Design in Atlanta,/website-design-atlanta/
12,USA,Atlanta,SEO Services,SEO Services in Atlanta,/seo-services-atlanta/
13,USA,Boston,Website Design,Website Design in Boston,/website-design-boston/
14,USA,Boston,SEO Services,SEO Services in Boston,/seo-services-boston/
15,USA,Dallas,Website Design,Website Design in Dallas,/website-design-dallas/
16,USA,Dallas,SEO Services,SEO Services in Dallas,/seo-services-dallas/
17,USA,Seattle,Website Design,Website Design in Seattle,/website-design-seattle/
18,USA,Seattle,SEO Services,SEO Services in Seattle,/seo-services-seattle/
19,USA,San Francisco,Website Design,Website Design in San Francisco,/website-design-san-francisco/
20,USA,San Francisco,SEO Services,SEO Services in San Francisco,/seo-services-san-francisco/
21,USA,Denver,Website Design,Website Design in Denver,/website-design-denver/
22,USA,Denver,SEO Services,SEO Services in Denver,/seo-services-denver/
23,USA,Phoenix,Website Design,Website Design in Phoenix,/website-design-phoenix/
24,USA,Phoenix,SEO Services,SEO Services in Phoenix,/seo-services-phoenix/
25,Canada,Toronto,Website Design,Website Design in Toronto,/website-design-toronto/
26,Canada,Toronto,SEO Services,SEO Services in Toronto,/seo-services-toronto/
27,Canada,Vancouver,Website Design,Website Design in Vancouver,/website-design-vancouver/
28,Canada,Vancouver,SEO Services,SEO Services in Vancouver,/seo-services-vancouver/
31,UK,London,Website Design,Website Design in London,/website-design-london/
32,UK,London,SEO Services,SEO Services in London,/seo-services-london/
33,UK,Manchester,Website Design,Website Design in Manchester,/website-design-manchester/
34,UK,Manchester,SEO Services,SEO Services in Manchester,/seo-services-manchester/
35,UK,Birmingham,Website Design,Website Design in Birmingham,/website-design-birmingham/
36,UK,Birmingham,SEO Services,SEO Services in Birmingham,/seo-services-birmingham/
41,Europe,Berlin,Website Design,Website Design in Berlin,/website-design-berlin/
42,UK,Bradford,Website Design,Website Design in Bradford,/website-design-bradford/
43,UK,Bradford,SEO Services,SEO Services in Bradford,/seo-services-bradford/
44,UK,Leeds,Website Design,Website Design in Leeds,/website-design-leeds/
45,UK,Leeds,SEO Services,SEO Services in Leeds,/seo-services-leeds/
46,UK,Newcastle,Website Design,Website Design in Newcastle,/website-design-newcastle/
47,UK,Newcastle,SEO Services,SEO Services in Newcastle,/seo-services-newcastle/